net,length_um
_2392_,999.175µm
_0001_,663.77µm
net170,607.12µm
_2378_,557.19µm
net180,516.9µm
_2359_,514.69µm
net175,511.42µm
_0433_,506.28µm
net184,496.61µm
_2374_,491.08µm
_2401_,471.82µm
_2360_,471.68µm
_2362_,465.345µm
net181,463.16µm
_2413_,461.01µm
_1333_,456.485µm
net49,452.92µm
_0791_,440.56µm
net167,438.355µm
net166,432.11µm
STATE\[3\],430.63µm
net146,430.63µm
net145,429.405µm
net182,427.87µm
_0856_,427.54µm
_0797_,421.21µm
_0493_,419.8µm
_2367_,417.53µm
_0825_,417.29µm
_1324_,416.575µm
_0811_,415.25µm
net142,413.63µm
net127,408.775µm
_0609_,407.065µm
_0839_,406.71µm
IMM\[2\],403.41µm
net183,402.15µm
_0848_,401.48µm
_0852_,399.62µm
net111,399.355µm
net158,397.74µm
_0011_,396.58µm
net160,396.48µm
net177,395.79µm
INSTR\[26\],394.215µm
_1443_,393.965µm
_0003_,393.05µm
_0471_,392.79µm
_2363_,391.975µm
_2361_,389.19µm
net168,388.05µm
net169,387.92µm
net135,387.08µm
clknet_2_1__leaf_CLK,385.56µm
_0806_,384.65µm
net161,383.62µm
_0850_,383.14µm
_0007_,381.19µm
_0858_,378.82µm
_0793_,378.8µm
_0804_,376.61µm
_2358_,376.29µm
net134,375.785µm
net179,371.35µm
_0005_,369.65µm
net176,369.38µm
_0841_,369.37µm
_0802_,365.74µm
net128,364.85µm
INSTR\[25\],363.995µm
net117,363.85µm
net153,362.045µm
net126,361.16µm
_0813_,358.26µm
_0843_,356.55µm
clknet_2_0__leaf_CLK,356.25µm
net140,353.955µm
net172,351.73µm
net141,350.84µm
_0795_,348.43µm
_1150_,346.86µm
_0784_,346.825µm
net171,346.36µm
IMM\[0\],345.63µm
net138,344.685µm
net174,344.65µm
net130,343.535µm
_0009_,343.44µm
net165,338.86µm
_0446_,337.99µm
_0002_,337.14µm
net133,335.36µm
IMM\[15\],335.19µm
_2414_,332.33µm
_0004_,330.58µm
net155,329.86µm
_0809_,327.86µm
net178,327.64µm
_1326_,325.25µm
net185,325.24µm
_0816_,324.61µm
net118,321.9µm
net162,321.69µm
_0832_,321.51µm
_0010_,319.29µm
net147,318.39µm
net125,318.32µm
_0833_,317.51µm
_2391_,317.16µm
_0829_,316.45µm
IMM\[3\],314.37µm
net156,314.3µm
_0846_,311.38µm
net154,311.26µm
_0836_,309.46µm
_0506_,307.84µm
clknet_2_2__leaf_CLK,305.9µm
_0834_,304.78µm
_0800_,303.29µm
_2357_,296.23µm
_2368_,291.36µm
IMM\[4\],289.84µm
IMM\[8\],287.13µm
clknet_0_CLK,285.3µm
_1445_,283.58µm
net143,281.81µm
net149,276.2µm
net157,275.47µm
_0822_,275.43µm
net144,275.34µm
INSTR\[27\],273µm
_0006_,269.41µm
_1108_,267.64µm
IMM\[7\],267.04µm
net129,266.91µm
net173,262.79µm
net152,259.54µm
_0008_,259.24µm
_0820_,257.245µm
_0818_,253.645µm
net120,251.185µm
IMM\[14\],251.18µm
_1328_,249.155µm
IMM\[11\],249.14µm
IMM\[9\],247.21µm
CLK,245.25µm
net137,244.72µm
_0719_,242.44µm
_0679_,242.42µm
net151,240.51µm
_0861_,240.29µm
_2080_,238.86µm
_2222_,233.3µm
_0541_,233.06µm
net136,230.32µm
_0759_,229.99µm
_0569_,229.86µm
_0663_,225.53µm
_0459_,225.17µm
_0671_,224.04µm
IMM\[12\],223.82µm
_1083_,221.58µm
_1980_,220.76µm
RESULT_MEM_EN,218.22µm
IMM\[10\],217.26µm
IMM\[5\],214.4µm
RESULT_ALU_EN,214.315µm
net108,212.3µm
_0727_,211.63µm
IMM\[6\],211.46µm
_1246_,208.66µm
_1444_,208.015µm
_1325_,206.91µm
_0583_,206.76µm
net110,205.09µm
net148,204.1µm
_0514_,202.3µm
_2402_,201.01µm
_0835_,200.06µm
_1327_,198.46µm
_0445_,197.62µm
IMM\[13\],196.62µm
_0687_,196.06µm
_0735_,195.15µm
_0516_,194.095µm
_1450_,193.695µm
net159,193.64µm
clknet_2_3__leaf_CLK,193.4µm
_1234_,189.83µm
_0470_,189.35µm
_1092_,189.255µm
_0711_,188.87µm
_0526_,188.08µm
_1623_,187.12µm
_1856_,186.13µm
_2369_,185.975µm
net131,181.425µm
_1321_,180.27µm
_2221_,179.46µm
_0596_,177.87µm
_1587_,177.85µm
_1064_,176.03µm
net109,175.92µm
_1259_,175.88µm
_0695_,175.82µm
RESULT_SYS_EN,174.835µm
net139,174.37µm
_1316_,174.075µm
_1271_,174.01µm
_0954_,171.63µm
_1655_,171.49µm
_0831_,170.855µm
_0434_,169.68µm
net132,169.505µm
_0481_,168.44µm
_1082_,165.82µm
net122,165.6µm
_2365_,164.75µm
_0642_,164.38µm
_0650_,164.045µm
_1074_,163.62µm
_0570_,161.14µm
_0608_,160.06µm
net150,159.48µm
_1073_,158.62µm
_1275_,157.68µm
_1605_,157.3µm
_2371_,156.28µm
_2372_,155.95µm
_1294_,154.18µm
net124,153.16µm
_1320_,152.12µm
_0639_,151.75µm
_1283_,150.51µm
_1453_,150.445µm
_1551_,150.28µm
_1158_,147.195µm
_0840_,146.965µm
_0561_,145.74µm
_0949_,145.28µm
_0743_,145.27µm
_0751_,141.62µm
_0505_,140.97µm
_1336_,140.76µm
net119,139.68µm
net115,139.37µm
_0515_,138.9µm
_0634_,138.385µm
_0539_,136.2µm
_1365_,136.03µm
_0000_,135.92µm
net71,134.45µm
_0703_,133.84µm
_1286_,132.745µm
_0876_,132.1µm
_0607_,130.8µm
_1539_,130.76µm
_1391_,130.36µm
_1066_,129µm
_1116_,128.88µm
_0492_,128.19µm
net114,127.86µm
_0622_,126.655µm
_1091_,126.46µm
_1703_,125.34µm
_1226_,123.92µm
_0789_,122.64µm
_0458_,122.04µm
_1200_,121.88µm
_0874_,121.14µm
_1498_,120.9µm
_1647_,120.47µm
_2405_,120.015µm
_2062_,119.56µm
_1497_,117.99µm
_1386_,117.73µm
clknet_leaf_14_CLK,117.32µm
_1636_,116.56µm
_0682_,116.36µm
_0658_,115.94µm
_0278_,115.86µm
_0595_,115.3µm
_1685_,115.15µm
_0582_,114.68µm
_1270_,114.66µm
_1093_,114.58µm
_0491_,114.17µm
_1282_,113.72µm
_2033_,113.18µm
_0690_,112.425µm
_1211_,112.33µm
_0770_,112.31µm
_0698_,112.3µm
net67,112.18µm
_1793_,111.79µm
_0469_,111.52µm
_0860_,111.51µm
_2060_,111.46µm
net59,111.34µm
net44,111.33µm
net163,111.23µm
_0504_,110.22µm
_0519_,108.68µm
_1188_,108.68µm
_0768_,108.6µm
_0647_,108.5µm
_0875_,108.49µm
net64,108.08µm
_1157_,107.8µm
_1342_,107.64µm
_2145_,107.52µm
_1954_,107.05µm
_1315_,106.82µm
_2038_,106.74µm
_1665_,106.51µm
_1533_,106.46µm
_1813_,106.38µm
_1927_,106.22µm
_1245_,105.78µm
net66,105.72µm
_2026_,104.52µm
clknet_leaf_24_CLK,104.52µm
_1164_,104.38µm
_0550_,103.84µm
_1724_,103.395µm
clknet_leaf_12_CLK,102.52µm
_0838_,102.425µm
_1262_,102.015µm
_1597_,101.5µm
clknet_leaf_17_CLK,100.84µm
_2156_,100.14µm
clknet_leaf_7_CLK,100.06µm
_1102_,100.02µm
_2078_,99.96µm
RESULT_MEM\[3\],99.85µm
RESULT_MEM\[1\],99.82µm
_1128_,99.62µm
_1136_,99.32µm
_2011_,99.31µm
_2377_,99.01µm
_1532_,98.84µm
_1751_,98.42µm
_1063_,97.88µm
RESULT_MEM\[2\],97.845µm
_0854_,97.39µm
_1625_,97.34µm
clknet_leaf_3_CLK,97.16µm
_2383_,96.68µm
_0666_,96.64µm
_0714_,96.3µm
_1848_,96.245µm
_0527_,96.18µm
_0628_,95.86µm
RESULT_ALU\[5\],95.58µm
clknet_leaf_18_CLK,95.52µm
_0788_,95.49µm
_0767_,95.4µm
_1547_,95.3µm
_1998_,94.98µm
_1914_,94.96µm
net45,94.81µm
clknet_leaf_10_CLK,94.38µm
net112,94.36µm
_0857_,93.725µm
_1529_,93.42µm
_2084_,93µm
REG_COND\[0\],92.98µm
_1274_,92.96µm
clknet_leaf_29_CLK,92.84µm
_1161_,92.1µm
_1127_,91.96µm
clknet_leaf_27_CLK,91.58µm
_1250_,91.19µm
_1482_,91.18µm
_1977_,90.62µm
clknet_leaf_1_CLK,90.22µm
_1171_,90.12µm
_1499_,90.03µm
_1440_,89.9µm
clknet_leaf_41_CLK,89.9µm
REG_COND\[1\],89.78µm
_1996_,89.555µm
_2110_,88.99µm
_1469_,88.9µm
_1984_,88.35µm
clknet_leaf_15_CLK,88.32µm
_2207_,88.26µm
_0766_,87.24µm
_0560_,86.68µm
_1847_,86.62µm
clknet_leaf_5_CLK,86.58µm
_1441_,86.56µm
clknet_leaf_35_CLK,86.5µm
_0279_,85.94µm
net60,85.3µm
_2194_,85µm
_2382_,84.62µm
_1260_,84.46µm
_0824_,84.36µm
RESULT_MEM\[0\],84.34µm
_1763_,84.34µm
clknet_leaf_21_CLK,84µm
clknet_leaf_6_CLK,83.96µm
_2181_,83.94µm
net39,83.79µm
_0853_,83.51µm
clknet_leaf_39_CLK,83.5µm
_1203_,83.4µm
_1056_,82.86µm
net65,82.38µm
_0842_,82.345µm
clknet_leaf_11_CLK,82.08µm
net62,82.03µm
net55,81.8µm
_1233_,81.7µm
clknet_leaf_9_CLK,81.66µm
_1418_,81.6µm
_2169_,81.5µm
clknet_leaf_33_CLK,81.04µm
_1179_,81µm
_0655_,80.94µm
_0730_,80.885µm
clknet_leaf_2_CLK,80.66µm
_1690_,80.58µm
_1660_,79.8µm
_1172_,79.22µm
clknet_leaf_38_CLK,78.9µm
clknet_leaf_30_CLK,78.76µm
_2104_,78.38µm
_0765_,78.34µm
_1055_,77.92µm
_0280_,77.9µm
INSTR\[28\],77.85µm
_1506_,77.66µm
clknet_leaf_19_CLK,77.34µm
net164,77.185µm
_1258_,77.14µm
_1924_,76.64µm
clknet_leaf_13_CLK,76.58µm
clknet_leaf_36_CLK,76.3µm
_1840_,76.11µm
RESULT_MEM\[4\],76.085µm
_2106_,76µm
_1476_,75.62µm
net68,75.49µm
net123,75.465µm
_2417_,75.42µm
_1222_,75.38µm
_1770_,75.29µm
_1792_,75.22µm
_1600_,75.16µm
_2027_,75.07µm
clknet_leaf_4_CLK,74.62µm
_0594_,74.5µm
_2023_,74.48µm
_1850_,74.34µm
clknet_leaf_8_CLK,74.3µm
clknet_leaf_31_CLK,74.2µm
net61,73.72µm
JMP_STREAM_COUNT,73.66µm
clknet_leaf_32_CLK,73.54µm
clknet_leaf_40_CLK,73.54µm
clknet_leaf_37_CLK,73.46µm
_0450_,73.26µm
_0531_,73.04µm
_1214_,72.645µm
_2133_,72.32µm
_1249_,72.185µm
_1452_,72.18µm
INSTR\[20\],72.17µm
_1261_,72.1µm
clknet_leaf_28_CLK,72.06µm
_1745_,71.73µm
_0586_,70.965µm
_1129_,70.36µm
clknet_leaf_25_CLK,70.28µm
_2058_,69.98µm
REG_COND\[2\],69.87µm
clknet_leaf_20_CLK,69.7µm
_0721_,69.54µm
clknet_leaf_26_CLK,69.48µm
_1313_,69.43µm
_0849_,69.35µm
_1883_,69.32µm
_1523_,69.24µm
_1978_,69.24µm
clknet_leaf_23_CLK,69.24µm
_1852_,69.2µm
clknet_leaf_16_CLK,68.74µm
_1531_,68.5µm
_0720_,68.26µm
_2092_,68.22µm
net116,68.14µm
_0497_,67.88µm
_1829_,67.82µm
clknet_leaf_22_CLK,67.74µm
_0540_,67.36µm
_1202_,67.24µm
_1237_,67.14µm
_2219_,66.9µm
_1985_,66.46µm
_1960_,66.42µm
_0444_,66.24µm
_1312_,65.96µm
net54,65.9µm
_2076_,65.85µm
net113,65.82µm
RESULT_SYS\[15\],65.81µm
_1148_,65.65µm
net56,65.5µm
_0012_,65.295µm
_1361_,65.16µm
_0277_,65.105µm
_0626_,64.8µm
_1866_,64.6µm
_0855_,64.57µm
_1622_,64.54µm
net63,64.25µm
RESULT_SYS\[12\],63.705µm
_1176_,63.56µm
_1524_,63.4µm
STATE\[6\],63.36µm
_1555_,63.18µm
_2066_,62.96µm
_0872_,62µm
_0939_,61.76µm
_0894_,61.52µm
_1322_,61.38µm
_0542_,60.72µm
_0851_,60.57µm
_1199_,60.48µm
_2094_,60.48µm
clknet_leaf_34_CLK,60.2µm
_1559_,59.96µm
_2089_,59.58µm
STATE\[2\],59.48µm
RESULT_SYS\[11\],59.46µm
_1187_,59.42µm
_1585_,59.06µm
net121,58.94µm
_2412_,58.84µm
_1550_,58.655µm
_1430_,58.54µm
_2093_,58.38µm
_0568_,58.18µm
_2025_,58.14µm
_0762_,58.06µm
_1084_,57.76µm
_0764_,57.6µm
net69,57.14µm
_1684_,57.14µm
_2356_,56.98µm
_1546_,56.88µm
net38,56.655µm
_1635_,56.6µm
_1791_,56.46µm
INSTR\[21\],56.44µm
_0746_,56.44µm
_2131_,56.08µm
_0432_,55.88µm
_2050_,55.8µm
_0803_,55.6µm
_0551_,55.2µm
_1702_,55.16µm
clknet_leaf_0_CLK,54.88µm
_1119_,54.575µm
net37,54.385µm
_1221_,54.36µm
net70,54.16µm
_1236_,53.86µm
RESULT_SYS\[1\],53.7µm
_1507_,53.56µm
_1569_,53.52µm
_0625_,53.01µm
_0706_,52.98µm
_0574_,52.88µm
_1293_,52.78µm
_1854_,52.72µm
_1117_,52.6µm
_1839_,52.56µm
_1713_,52.04µm
_2201_,51.88µm
_0739_,51.585µm
_1648_,51.44µm
_1314_,51.36µm
_1075_,51.02µm
_2387_,51.02µm
_0761_,50.83µm
_1378_,50.82µm
_1124_,50.8µm
_2163_,50.76µm
RESULT_ALU\[9\],50.62µm
_1213_,50.42µm
_2071_,50.28µm
_1964_,50.08µm
_2415_,49.91µm
_2366_,49.48µm
_1711_,49.46µm
_1963_,49.26µm
_1359_,49.09µm
_2379_,48.82µm
_0873_,48.68µm
_0613_,48.64µm
_2385_,48.5µm
_2144_,48.34µm
_0480_,48.33µm
_1470_,48.26µm
_0015_,48.045µm
_1582_,47.84µm
_1661_,47.59µm
_2013_,47.56µm
_1733_,47.54µm
_2121_,46.9µm
_1926_,46.84µm
_1833_,46.7µm
_0845_,46.575µm
_0796_,46.42µm
_1135_,46.12µm
_1225_,45.94µm
INSTR\[29\],45.845µm
_0275_,45.76µm
_1366_,45.72µm
net80,45.64µm
_0869_,45.64µm
_1149_,45.46µm
_1674_,45.405µm
net58,45.28µm
_2040_,45.22µm
_2355_,44.82µm
_2192_,44.8µm
RESULT_SYS\[14\],44.7µm
_1347_,44.66µm
RESULT_SYS\[6\],44.53µm
_1191_,44.5µm
_1877_,44.46µm
_1174_,44.32µm
_0447_,44.24µm
_0664_,44.24µm
_1573_,44.24µm
_1658_,44.1µm
_1519_,44.02µm
_0946_,44µm
RESULT_SYS\[13\],43.96µm
_1398_,43.94µm
_2072_,43.76µm
_1180_,43.6µm
_1317_,43.5µm
_0282_,43.425µm
_2130_,43.16µm
_2375_,43µm
_1754_,42.96µm
_1601_,42.46µm
RESULT_SYS\[8\],42.45µm
_0830_,42.42µm
_0558_,42.36µm
_0999_,42.04µm
_0472_,41.345µm
_2048_,41.06µm
_0648_,41µm
_1104_,40.98µm
RESULT_MEM\[12\],40.96µm
_1175_,40.73µm
INSTR\[30\],40.56µm
_0614_,40.4µm
_1586_,40.395µm
_1772_,40.38µm
_2399_,40.34µm
_1818_,40.32µm
_0951_,40.22µm
_1619_,40.2µm
_1712_,40.2µm
_2291_,40.12µm
_1615_,40.06µm
_2397_,39.98µm
_1995_,39.8µm
_1564_,39.76µm
INSTR\[31\],39.72µm
_2074_,39.62µm
RESULT_MEM\[8\],39.61µm
_0640_,39.56µm
_0610_,39.43µm
net79,39.28µm
_1514_,39.28µm
_1145_,39.265µm
_1542_,39.22µm
_0827_,39.18µm
_0599_,39.16µm
_1735_,38.96µm
net57,38.8µm
_2150_,38.52µm
RESULT_SYS\[10\],38.41µm
_1210_,38.28µm
_2123_,38.26µm
_0612_,37.66µm
_1572_,37.6µm
net81,37.44µm
_1764_,37.44µm
_1449_,37.42µm
_0950_,37.36µm
_1273_,37.285µm
_1750_,37.24µm
_1669_,37.195µm
_2115_,37.18µm
_0573_,37.16µm
_2376_,37.09µm
_0823_,36.58µm
_1782_,36.4µm
_2132_,36.38µm
_0584_,35.965µm
_2373_,35.59µm
_1904_,35.58µm
_0623_,35.38µm
_0678_,35.32µm
_2095_,35.26µm
_2381_,35.24µm
_1118_,35.22µm
_0276_,35.18µm
REG_DEST\[0\],35.155µm
_1691_,35.1µm
_2057_,34.84µm
_0437_,34.63µm
REG_COND\[3\],34.54µm
_1355_,34.48µm
_1650_,34.3µm
_1591_,34.24µm
_1720_,34.24µm
_0672_,34.12µm
_0882_,34.02µm
_0556_,33.96µm
_0448_,33.94µm
RESULT_SYS\[0\],33.89µm
_0632_,33.74µm
_1319_,33.68µm
net48,33.035µm
_0786_,32.96µm
_0931_,32.6µm
_1983_,32.56µm
MEM_LD_DATA[4],32.44µm
REG_FILE\[5\]\[11\],32.37µm
_1163_,32.3µm
_1358_,32.26µm
_1189_,32.24µm
_0754_,32.18µm
_2096_,32.1µm
REG_FILE\[3\]\[14\],32.09µm
_0753_,32.06µm
_0763_,32.02µm
_1798_,31.94µm
_1405_,31.88µm
_2154_,31.76µm
net25,31.68µm
_0615_,31.66µm
_0525_,31.58µm
_0704_,31.38µm
_0566_,31.36µm
_1822_,31.32µm
INSTR_STREAM[31],31.28µm
REG_FILE\[11\]\[9\],31.22µm
_1490_,31.22µm
_0866_,31.2µm
net20,31.12µm
_1166_,30.76µm
_1895_,30.7µm
REG_COND\[4\],30.66µm
_0787_,30.58µm
_1165_,30.56µm
_1305_,30.54µm
_1224_,30.44µm
_0826_,30.36µm
_0532_,30.34µm
REG_DEST\[2\],30.29µm
_2217_,30.22µm
_0485_,30.2µm
_1360_,30.04µm
_0597_,29.92µm
_1284_,29.92µm
RESULT_SYS\[7\],29.84µm
_1451_,29.84µm
REG_DEST\[3\],29.735µm
INSTR_STREAM[27],29.68µm
INSTR_STREAM[30],29.68µm
REG_FILE\[9\]\[8\],29.44µm
_1038_,29.4µm
_1609_,29.28µm
_0627_,29.26µm
_1644_,29.26µm
_2297_,29.22µm
REG_FILE\[11\]\[0\],29.1µm
INSTR_STREAM[26],28.9µm
MEM_LD_DATA[9],28.9µm
REG_FILE\[12\]\[7\],28.84µm
MEM_LD_DATA[11],28.76µm
net35,28.695µm
REG_FILE\[8\]\[8\],28.69µm
_1739_,28.62µm
_2196_,28.58µm
_0435_,28.48µm
REG_FILE\[9\]\[9\],28.4µm
JMP_DEST\[15\],28.36µm
_1628_,28.26µm
REG_FILE\[5\]\[3\],28.24µm
REG_FILE\[14\]\[10\],28.06µm
_2418_,28.02µm
REG_FILE\[7\]\[11\],27.98µm
_1190_,27.96µm
RESULT_SYS\[5\],27.93µm
INSTR\[17\],27.86µm
_1694_,27.83µm
_1194_,27.78µm
RESULT_ALU\[11\],27.75µm
_1475_,27.71µm
_1834_,27.68µm
MEM_LD_DATA[3],27.68µm
REG_DEST\[1\],27.67µm
REG_FILE\[12\]\[0\],27.64µm
REG_FILE\[0\]\[3\],27.62µm
_0557_,27.62µm
_0451_,27.56µm
_0554_,27.56µm
_1298_,27.56µm
net33,27.425µm
REG_FILE\[13\]\[7\],27.42µm
REG_FILE\[12\]\[9\],27.4µm
_0620_,27.4µm
REG_FILE\[6\]\[8\],27.26µm
_1485_,27.24µm
_1301_,27.2µm
REG_FILE\[12\]\[4\],27.16µm
MAIN_LDH,27.14µm
REG_FILE\[13\]\[3\],27.1µm
RESULT_MEM\[7\],27.1µm
INSTR\[16\],27µm
REG_FILE\[11\]\[8\],26.96µm
_2164_,26.9µm
_0737_,26.88µm
REG_FILE\[13\]\[9\],26.86µm
REG_FILE\[6\]\[3\],26.84µm
REG_FILE\[10\]\[9\],26.82µm
REG_FILE\[5\]\[4\],26.82µm
_1979_,26.78µm
REG_FILE\[5\]\[6\],26.76µm
_1610_,26.62µm
MEM_LD_DATA[2],26.59µm
_1160_,26.58µm
_1382_,26.58µm
_1340_,26.54µm
_0750_,26.52µm
REG_FILE\[8\]\[15\],26.44µm
_0689_,26.34µm
REG_FILE\[8\]\[9\],26.32µm
_1663_,26.3µm
JMP_DEST\[13\],26.265µm
REG_FILE\[12\]\[12\],26.2µm
_1510_,26.12µm
INSTR\[22\],25.94µm
_0728_,25.9µm
_1263_,25.84µm
REG_FILE\[11\]\[2\],25.8µm
DEVICES_LDH,25.74µm
INSTR_ADDR[15],25.66µm
_1338_,25.64µm
_2103_,25.64µm
_1300_,25.6µm
MEM_LD_DATA[15],25.52µm
_1775_,25.5µm
_1923_,25.47µm
_0777_,25.46µm
_1491_,25.42µm
_0844_,25.4µm
REG_FILE\[6\]\[2\],25.32µm
REG_FILE\[3\]\[0\],25.26µm
_1310_,25.23µm
REG_FILE\[3\]\[12\],25.22µm
_0643_,25.22µm
_2265_,25.145µm
_2370_,25µm
INSTR_STREAM[29],25µm
REG_FILE\[0\]\[6\],24.94µm
_1554_,24.94µm
_0709_,24.92µm
INSTR_STREAM[24],24.92µm
REG_FILE\[5\]\[9\],24.88µm
_1642_,24.88µm
REG_FILE\[8\]\[6\],24.74µm
net34,24.71µm
_2270_,24.7µm
REG_FILE\[6\]\[9\],24.68µm
_2380_,24.68µm
REG_FILE\[12\]\[3\],24.66µm
REG_FILE\[13\]\[4\],24.6µm
DEVICES_STRH,24.58µm
REG_FILE\[2\]\[6\],24.46µm
MEM_LD_DATA[7],24.38µm
REG_FILE\[3\]\[1\],24.36µm
_1896_,24.34µm
REG_FILE\[3\]\[8\],24.26µm
INSTR_ADDR[8],24.26µm
_0868_,24.22µm
_1593_,24.22µm
_0513_,24.2µm
_0883_,24.19µm
REG_FILE\[14\]\[2\],24.16µm
_0779_,24.16µm
_1922_,24.16µm
REG_FILE\[0\]\[8\],24.08µm
_0712_,24µm
_1666_,24µm
REG_FILE\[6\]\[15\],23.96µm
MAIN_STRH,23.94µm
REG_FILE\[1\]\[12\],23.93µm
net17,23.9µm
REG_FILE\[11\]\[13\],23.9µm
_1077_,23.84µm
_0449_,23.82µm
_1272_,23.76µm
RESULT_ALU\[6\],23.74µm
REG_FILE\[7\]\[4\],23.56µm
_1072_,23.56µm
REG_FILE\[7\]\[9\],23.505µm
_0697_,23.5µm
INSTR_STREAM[25],23.46µm
REG_FILE\[4\]\[2\],23.44µm
_0624_,23.42µm
REG_FILE\[7\]\[2\],23.38µm
_1800_,23.335µm
RESULT_SYS\[9\],23.33µm
MEM_ADDR[14],23.28µm
net42,23.27µm
REG_COND\[8\],23.26µm
_0902_,23.24µm
INSTR_STREAM[2],23.17µm
_1402_,23.12µm
_1248_,23.04µm
MEM_LD_DATA[0],23µm
INSTR_ADDR[7],23µm
RESULT_SYS\[4\],22.99µm
REG_FILE\[5\]\[2\],22.92µm
_0736_,22.92µm
REG_FILE\[11\]\[15\],22.86µm
REG_FILE\[12\]\[1\],22.86µm
_0545_,22.84µm
_1486_,22.84µm
_1965_,22.84µm
REG_FILE\[11\]\[3\],22.8µm
REG_FILE\[5\]\[15\],22.8µm
REG_FILE\[8\]\[3\],22.78µm
REG_FILE\[1\]\[11\],22.76µm
INSTR_ADDR[4],22.73µm
_1207_,22.7µm
REG_FILE\[9\]\[15\],22.64µm
REG_FILE\[5\]\[0\],22.62µm
REG_FILE\[8\]\[4\],22.62µm
_2014_,22.605µm
_1501_,22.6µm
REG_FILE\[1\]\[5\],22.58µm
_0598_,22.58µm
REG_FILE\[3\]\[7\],22.54µm
REG_FILE\[8\]\[12\],22.54µm
INSTR_ADDR[9],22.52µm
_0600_,22.5µm
INSTR_STREAM[19],22.49µm
MEM_LD_DATA[5],22.49µm
REG_FILE\[3\]\[4\],22.48µm
_1951_,22.48µm
MAIN_LDW,22.44µm
REG_FILE\[9\]\[7\],22.42µm
_1780_,22.42µm
DEVICES_LDW,22.4µm
_1368_,22.32µm
_1256_,22.28µm
REG_FILE\[0\]\[15\],22.24µm
INSTR_STREAM[18],22.09µm
_1563_,22.06µm
REG_FILE\[7\]\[7\],22.04µm
REG_FILE\[2\]\[7\],22µm
_1142_,21.96µm
_2065_,21.96µm
REG_FILE\[13\]\[0\],21.94µm
INSTR_ADDR[12],21.94µm
REG_FILE\[1\]\[3\],21.9µm
REG_FILE\[14\]\[3\],21.88µm
_1397_,21.88µm
INSTR_ADDR[3],21.81µm
REG_FILE\[13\]\[13\],21.8µm
_2322_,21.78µm
_0517_,21.73µm
_1837_,21.7µm
INSTR_STREAM[16],21.67µm
INSTR\[23\],21.66µm
REG_FILE\[1\]\[15\],21.66µm
_1123_,21.64µm
INSTR_ADDR[5],21.64µm
REG_FILE\[10\]\[7\],21.59µm
REG_FILE\[1\]\[10\],21.58µm
REG_FILE\[0\]\[10\],21.5µm
_1734_,21.5µm
REG_FILE\[2\]\[3\],21.46µm
REG_FILE\[3\]\[9\],21.42µm
REG_FILE\[9\]\[13\],21.34µm
_0593_,21.3µm
_1231_,21.28µm
_1238_,21.28µm
_1318_,21.28µm
REG_FILE\[13\]\[15\],21.2µm
_2053_,21.16µm
_1931_,21.12µm
_0792_,21.08µm
_1580_,21.08µm
REG_FILE\[1\]\[1\],21.06µm
_1968_,21.06µm
net43,20.995µm
INSTR_ADDR[2],20.99µm
REG_FILE\[10\]\[15\],20.96µm
_2075_,20.96µm
REG_FILE\[5\]\[7\],20.92µm
net99,20.9µm
REG_FILE\[12\]\[8\],20.9µm
_2098_,20.9µm
REG_FILE\[14\]\[7\],20.88µm
REG_FILE\[10\]\[0\],20.86µm
REG_FILE\[14\]\[14\],20.86µm
INSTR_STREAM[1],20.85µm
REG_FILE\[13\]\[14\],20.82µm
_1765_,20.8µm
INSTR_STREAM[12],20.78µm
MEM_LD_DATA[1],20.78µm
REG_FILE\[8\]\[7\],20.72µm
_2319_,20.72µm
_0482_,20.68µm
net4,20.64µm
REG_FILE\[0\]\[5\],20.64µm
RESULT_ALU\[2\],20.62µm
REG_FILE\[12\]\[15\],20.6µm
REG_COND\[12\],20.58µm
REG_FILE\[3\]\[11\],20.58µm
REG_FILE\[9\]\[1\],20.56µm
REG_FILE\[1\]\[13\],20.54µm
INSTR_ADDR[0],20.51µm
REG_FILE\[9\]\[6\],20.48µm
MEM_LD_DATA[8],20.48µm
_0693_,20.46µm
MEM_STR_DATA[9],20.45µm
REG_FILE\[1\]\[6\],20.44µm
REG_FILE\[2\]\[4\],20.4µm
_2296_,20.385µm
_1736_,20.34µm
REG_FILE\[9\]\[10\],20.32µm
_0537_,20.32µm
net41,20.275µm
REG_COND\[7\],20.27µm
REG_FILE\[5\]\[8\],20.26µm
REG_FILE\[13\]\[2\],20.24µm
_0510_,20.22µm
MAIN_STRW,20.22µm
MEM_ADDR[11],20.22µm
MEM_ADDR[7],20.22µm
REG_COND\[5\],20.2µm
net47,20.15µm
INSTR_ADDR[10],20.14µm
INSTR_STREAM[13],20.11µm
_1086_,20.1µm
_1436_,20.1µm
_1281_,20.06µm
INSTR_STREAM[6],20.05µm
REG_FILE\[9\]\[0\],20.04µm
REG_FILE\[14\]\[0\],20.02µm
REG_FILE\[9\]\[12\],20µm
_1067_,19.98µm
_1143_,19.94µm
REG_FILE\[10\]\[14\],19.92µm
_1871_,19.9µm
REG_FILE\[6\]\[13\],19.88µm
INSTR_STREAM[9],19.86µm
_2091_,19.82µm
_1808_,19.76µm
net100,19.74µm
_2187_,19.74µm
REG_FILE\[7\]\[3\],19.7µm
_0837_,19.7µm
INVALID_MEM,19.68µm
MEM_ADDR[12],19.68µm
REG_FILE\[14\]\[12\],19.62µm
REG_FILE\[14\]\[13\],19.62µm
_0656_,19.62µm
REG_COND\[15\],19.565µm
_1018_,19.56µm
MEM_LD_DATA[13],19.56µm
STATE\[5\],19.54µm
REG_FILE\[4\]\[6\],19.5µm
REG_FILE\[10\]\[10\],19.48µm
REG_FILE\[13\]\[12\],19.48µm
REG_FILE\[9\]\[14\],19.48µm
REG_FILE\[9\]\[2\],19.48µm
REG_FILE\[13\]\[8\],19.46µm
REG_FILE\[7\]\[1\],19.46µm
_0489_,19.46µm
_0778_,19.46µm
_2113_,19.46µm
_1753_,19.4µm
_2043_,19.37µm
REG_FILE\[13\]\[5\],19.36µm
_1876_,19.36µm
_2393_,19.36µm
REG_FILE\[12\]\[5\],19.34µm
_1080_,19.32µm
_1810_,19.3µm
REG_FILE\[11\]\[4\],19.28µm
_2300_,19.28µm
REG_FILE\[14\]\[11\],19.27µm
_1007_,19.22µm
REG_FILE\[8\]\[2\],19.16µm
REG_FILE\[11\]\[12\],19.14µm
STREAM_WRITE_DEST,19.12µm
REG_FILE\[8\]\[13\],19.1µm
INSTR_STREAM[5],18.97µm
MEM_LD_DATA[14],18.94µm
_0940_,18.92µm
REG_FILE\[2\]\[14\],18.9µm
REG_FILE\[0\]\[4\],18.88µm
REG_FILE\[4\]\[15\],18.88µm
REG_FILE\[8\]\[10\],18.86µm
REG_FILE\[10\]\[1\],18.84µm
_0889_,18.84µm
REG_FILE\[1\]\[0\],18.82µm
_0983_,18.82µm
_1021_,18.82µm
_1099_,18.76µm
INSTR_STREAM[0],18.75µm
REG_FILE\[10\]\[11\],18.73µm
REG_FILE\[10\]\[8\],18.7µm
_2400_,18.7µm
_0673_,18.66µm
REG_FILE\[6\]\[11\],18.64µm
REG_FILE\[6\]\[14\],18.62µm
_0968_,18.62µm
REG_COND\[10\],18.6µm
REG_FILE\[4\]\[7\],18.6µm
_1657_,18.56µm
REG_FILE\[7\]\[15\],18.52µm
_1844_,18.46µm
net29,18.44µm
_0780_,18.44µm
MEM_ADDR[13],18.42µm
REG_FILE\[7\]\[8\],18.4µm
_1134_,18.4µm
_1178_,18.32µm
_0209_,18.305µm
EX_HALT,18.26µm
_2039_,18.24µm
net97,18.22µm
REG_FILE\[10\]\[3\],18.22µm
net8,18.2µm
REG_FILE\[11\]\[10\],18.2µm
REG_FILE\[14\]\[15\],18.2µm
_0906_,18.2µm
REG_FILE\[4\]\[5\],18.14µm
_0755_,18.14µm
_1869_,18.14µm
REG_FILE\[14\]\[8\],18.12µm
_0847_,18.12µm
_1346_,18.085µm
REG_FILE\[12\]\[10\],18.02µm
_1560_,17.98µm
_2386_,17.98µm
MEM_LD_DATA[6],17.97µm
_0462_,17.92µm
_0484_,17.86µm
INSTR\[18\],17.82µm
REG_FILE\[10\]\[6\],17.78µm
_2173_,17.78µm
_0975_,17.76µm
REG_FILE\[0\]\[1\],17.72µm
REG_FILE\[10\]\[4\],17.72µm
REG_FILE\[2\]\[9\],17.72µm
INSTR_STREAM[8],17.72µm
MEM_LD_DATA[10],17.72µm
_0522_,17.7µm
REG_COND\[9\],17.68µm
REG_FILE\[1\]\[9\],17.68µm
REG_FILE\[10\]\[2\],17.64µm
REG_FILE\[2\]\[2\],17.64µm
_0814_,17.62µm
JMP_DEST\[10\],17.595µm
REG_FILE\[1\]\[14\],17.58µm
REG_FILE\[2\]\[10\],17.58µm
REG_FILE\[5\]\[10\],17.58µm
_1583_,17.58µm
_0920_,17.56µm
JMP_DEST\[9\],17.52µm
DEVICES_STRW,17.5µm
MEM_ADDR[15],17.5µm
MEM_ADDR[9],17.5µm
INSTR_ADDR[11],17.46µm
INSTR_ADDR[13],17.46µm
REG_FILE\[11\]\[1\],17.44µm
_0618_,17.44µm
_0488_,17.4µm
_1463_,17.4µm
_2063_,17.4µm
JMP_DEST\[2\],17.39µm
net12,17.38µm
_1741_,17.38µm
net2,17.34µm
_1697_,17.34µm
INSTR_STREAM[7],17.26µm
REG_FILE\[3\]\[2\],17.24µm
_2049_,17.24µm
_0507_,17.21µm
REG_FILE\[2\]\[13\],17.2µm
REG_FILE\[6\]\[10\],17.2µm
_0965_,17.2µm
_2302_,17.2µm
_1167_,17.16µm
REG_FILE\[4\]\[4\],17.14µm
_0036_,17.125µm
REG_FILE\[11\]\[6\],17.12µm
_1089_,17.12µm
REG_FILE\[1\]\[7\],17.1µm
REG_FILE\[4\]\[14\],17.1µm
_0817_,17.1µm
REG_FILE\[5\]\[13\],17.08µm
_1468_,17.02µm
_0742_,17µm
REG_FILE\[1\]\[2\],16.96µm
REG_FILE\[9\]\[4\],16.92µm
_1011_,16.9µm
REG_FILE\[13\]\[11\],16.88µm
REG_FILE\[9\]\[3\],16.86µm
REG_FILE\[2\]\[15\],16.78µm
_1863_,16.78µm
_2021_,16.78µm
_0979_,16.72µm
_2179_,16.72µm
_0930_,16.68µm
REG_FILE\[14\]\[1\],16.66µm
REG_FILE\[0\]\[0\],16.64µm
_0611_,16.64µm
_0227_,16.625µm
_1025_,16.62µm
_1212_,16.58µm
_1584_,16.58µm
INSTR_ADDR[14],16.58µm
INSTR_ADDR[6],16.58µm
REG_FILE\[7\]\[14\],16.56µm
_0725_,16.54µm
REG_FILE\[7\]\[5\],16.52µm
_1517_,16.52µm
_2100_,16.52µm
net14,16.5µm
_1023_,16.48µm
_1940_,16.45µm
net3,16.44µm
REG_FILE\[6\]\[1\],16.44µm
REG_FILE\[9\]\[11\],16.4µm
_0210_,16.385µm
JMP_DEST\[14\],16.38µm
REG_FILE\[13\]\[10\],16.35µm
REG_FILE\[7\]\[0\],16.34µm
_0580_,16.34µm
_1437_,16.32µm
REG_FILE\[9\]\[5\],16.3µm
_1144_,16.3µm
REG_FILE\[4\]\[10\],16.28µm
_1297_,16.28µm
_0025_,16.265µm
_0932_,16.26µm
_1831_,16.26µm
REG_FILE\[0\]\[13\],16.2µm
_0101_,16.185µm
_2073_,16.18µm
_2083_,16.18µm
REG_FILE\[3\]\[6\],16.16µm
_1543_,16.16µm
_2287_,16.14µm
JMP_DEST\[7\],16.08µm
_1031_,16.08µm
REG_COND\[6\],16.07µm
_2056_,16.06µm
_1081_,16µm
_0871_,15.98µm
_2211_,15.96µm
_2310_,15.96µm
REG_FILE\[8\]\[0\],15.94µm
REG_FILE\[10\]\[5\],15.93µm
INSTR\[24\],15.92µm
_0518_,15.92µm
REG_FILE\[2\]\[12\],15.9µm
_2336_,15.9µm
REG_COND\[13\],15.88µm
REG_FILE\[2\]\[1\],15.88µm
REG_FILE\[6\]\[7\],15.88µm
_0020_,15.855µm
_1908_,15.84µm
_1919_,15.84µm
REG_FILE\[7\]\[6\],15.82µm
_1370_,15.8µm
_1518_,15.8µm
_1717_,15.77µm
REG_FILE\[4\]\[3\],15.76µm
_1699_,15.76µm
_1945_,15.76µm
REG_FILE\[3\]\[13\],15.72µm
REG_FILE\[6\]\[0\],15.72µm
RESULT_BIT\[0\],15.72µm
REG_FILE\[8\]\[1\],15.68µm
_1540_,15.68µm
REG_FILE\[7\]\[13\],15.64µm
_1013_,15.64µm
_1929_,15.6µm
_0738_,15.56µm
REG_FILE\[4\]\[11\],15.54µm
_1062_,15.54µm
REG_FILE\[2\]\[8\],15.5µm
net18,15.48µm
_1201_,15.48µm
_0680_,15.44µm
_1376_,15.44µm
_2174_,15.44µm
_0619_,15.42µm
INSTR_STREAM[10],15.42µm
REG_FILE\[12\]\[6\],15.38µm
REG_FILE\[14\]\[6\],15.38µm
_1404_,15.38µm
REG_FILE\[11\]\[7\],15.36µm
_1748_,15.34µm
MEM_ADDR[5],15.31µm
REG_FILE\[14\]\[9\],15.3µm
REG_FILE\[11\]\[14\],15.28µm
_2020_,15.28µm
_1594_,15.24µm
_1909_,15.24µm
REG_FILE\[0\]\[12\],15.23µm
_0443_,15.22µm
_1407_,15.22µm
REG_FILE\[5\]\[12\],15.18µm
REG_FILE\[5\]\[1\],15.18µm
_2141_,15.18µm
net22,15.16µm
_1323_,15.16µm
_1033_,15.14µm
_1112_,15.12µm
_0502_,15.1µm
REG_FILE\[12\]\[14\],15.08µm
REG_FILE\[6\]\[4\],15.06µm
net103,15.04µm
_1576_,15.04µm
_2277_,15.04µm
INSTR_ADDR[1],15.01µm
_0933_,14.98µm
RESULT_BIT_EN,14.965µm
REG_FILE\[4\]\[13\],14.96µm
INSTR_STREAM[11],14.96µm
INSTR_STREAM[28],14.96µm
MEM_LD_DATA[12],14.96µm
_0579_,14.94µm
REG_FILE\[2\]\[5\],14.92µm
_1126_,14.9µm
_1990_,14.865µm
_2239_,14.86µm
REG_FILE\[3\]\[15\],14.84µm
REG_FILE\[5\]\[14\],14.84µm
REG_FILE\[8\]\[5\],14.84µm
_0477_,14.84µm
_0945_,14.84µm
_0468_,14.76µm
_1899_,14.7µm
_0549_,14.68µm
REG_FILE\[4\]\[1\],14.62µm
_1973_,14.62µm
RESET,14.62µm
JMP_DEST\[3\],14.59µm
_0267_,14.565µm
REG_FILE\[3\]\[3\],14.5µm
_1939_,14.5µm
_0162_,14.485µm
_0631_,14.48µm
_2118_,14.46µm
_2317_,14.44µm
RESULT_ALU\[15\],14.42µm
_1209_,14.42µm
REG_FILE\[0\]\[14\],14.4µm
REG_FILE\[0\]\[2\],14.4µm
_0473_,14.4µm
_2052_,14.38µm
_0106_,14.365µm
_0211_,14.365µm
_1889_,14.36µm
_0129_,14.345µm
REG_FILE\[10\]\[13\],14.34µm
RESULT_BIT\[3\],14.34µm
_0696_,14.32µm
_2035_,14.32µm
_0938_,14.3µm
_1783_,14.3µm
MEM_ADDR[10],14.28µm
MEM_ADDR[8],14.28µm
_2290_,14.26µm
_0534_,14.24µm
REG_FILE\[6\]\[6\],14.22µm
_1034_,14.22µm
_1069_,14.22µm
RESULT_BIT\[4\],14.2µm
_1235_,14.195µm
_0467_,14.18µm
REG_FILE\[7\]\[10\],14.16µm
_0707_,14.145µm
_0148_,14.125µm
RESULT_BIT\[6\],14.12µm
_0810_,14.1µm
_1363_,14.1µm
_2160_,14.1µm
_2227_,14.1µm
_2284_,14.1µm
MEM_STR_DATA[15],14.09µm
_1223_,14.08µm
REG_FILE\[11\]\[5\],14.06µm
_1624_,14.06µm
REG_FILE\[6\]\[12\],14.04µm
_0529_,14.02µm
LOAD,14.01µm
_1901_,14µm
REG_FILE\[5\]\[5\],13.98µm
_1133_,13.98µm
_1862_,13.96µm
_0461_,13.94µm
_1936_,13.94µm
REG_FILE\[7\]\[12\],13.92µm
REG_FILE\[8\]\[14\],13.92µm
_0862_,13.9µm
REG_FILE\[4\]\[0\],13.88µm
_1574_,13.88µm
_1816_,13.88µm
_0970_,13.87µm
_0441_,13.865µm
_1288_,13.86µm
REG_FILE\[11\]\[11\],13.84µm
RESULT_BIT\[14\],13.84µm
_0428_,13.84µm
_1362_,13.84µm
_0478_,13.82µm
_0775_,13.8µm
_1794_,13.8µm
_1933_,13.8µm
_2153_,13.8µm
_2323_,13.8µm
_0153_,13.785µm
REG_FILE\[13\]\[1\],13.76µm
_1110_,13.76µm
_0508_,13.74µm
_0958_,13.74µm
_1103_,13.74µm
_0028_,13.725µm
_2184_,13.7µm
RESULT_MEM\[11\],13.685µm
INSTR\[19\],13.68µm
_0877_,13.68µm
_1353_,13.68µm
_1774_,13.68µm
REG_FILE\[13\]\[6\],13.64µm
REG_COND\[11\],13.62µm
_2257_,13.61µm
JMP_DEST\[0\],13.605µm
_1478_,13.56µm
_1632_,13.56µm
_1689_,13.54µm
_2406_,13.54µm
_1330_,13.53µm
_0237_,13.525µm
_1505_,13.5µm
_2354_,13.5µm
_0104_,13.445µm
_1389_,13.44µm
REG_FILE\[10\]\[12\],13.42µm
_0430_,13.42µm
_0572_,13.38µm
_2416_,13.38µm
_2294_,13.35µm
_2120_,13.34µm
_1220_,13.32µm
RESULT_ALU\[1\],13.31µm
_0982_,13.3µm
_2224_,13.3µm
_0328_,13.28µm
_0044_,13.265µm
_0773_,13.26µm
_2170_,13.26µm
_1345_,13.25µm
net19,13.2µm
_2186_,13.2µm
_0891_,13.18µm
_1721_,13.18µm
_1972_,13.18µm
_1024_,13.16µm
_1892_,13.16µm
net96,13.14µm
_0992_,13.14µm
_1575_,13.14µm
REG_FILE\[4\]\[8\],13.12µm
_1400_,13.12µm
_1465_,13.12µm
_1841_,13.12µm
RESULT_ALU\[0\],13.055µm
REG_FILE\[12\]\[13\],13.02µm
_1865_,13.02µm
_1239_,13µm
net93,12.96µm
RESULT_ALU\[10\],12.92µm
_1634_,12.9µm
_1994_,12.9µm
_0479_,12.88µm
INSTR_STREAM[22],12.87µm
REG_FILE\[3\]\[10\],12.86µm
RESULT_MEM\[9\],12.835µm
_0547_,12.83µm
_0909_,12.8µm
_0149_,12.785µm
_1267_,12.78µm
_2305_,12.76µm
_1778_,12.74µm
_2403_,12.72µm
_1020_,12.7µm
_1512_,12.7µm
_2293_,12.68µm
REG_FILE\[0\]\[9\],12.66µm
_1299_,12.66µm
_1372_,12.66µm
REG_FILE\[4\]\[9\],12.64µm
_0095_,12.605µm
_0749_,12.58µm
_0113_,12.575µm
INSTR_STREAM[23],12.57µm
_0559_,12.56µm
REG_FILE\[12\]\[2\],12.54µm
_0812_,12.54µm
INSTR_STREAM[4],12.53µm
_0024_,12.525µm
_0745_,12.5µm
_0972_,12.46µm
REG_FILE\[14\]\[5\],12.42µm
_0976_,12.42µm
RESULT_ALU\[8\],12.415µm
_2088_,12.38µm
_0255_,12.375µm
net46,12.33µm
_0203_,12.325µm
_0533_,12.32µm
_1026_,12.3µm
_1434_,12.3µm
_0230_,12.295µm
RESULT_BIT\[1\],12.24µm
_1962_,12.2µm
_2139_,12.2µm
net26,12.18µm
_0980_,12.15µm
RESULT_BIT\[2\],12.14µm
_1777_,12.12µm
_1651_,12.08µm
_1846_,12.08µm
_2333_,12.08µm
_0240_,12.065µm
_0578_,12.04µm
_1590_,12.04µm
_0256_,12.035µm
REG_FILE\[6\]\[5\],12.02µm
REG_COND\[14\],12µm
_0910_,12µm
_0941_,12µm
_1761_,12µm
RESULT_ALU\[7\],11.985µm
net9,11.96µm
_1057_,11.96µm
_1439_,11.96µm
INSTR_STREAM[17],11.95µm
_0520_,11.94µm
_0884_,11.92µm
_1849_,11.92µm
JMP_DEST\[11\],11.905µm
INSTR_STREAM[14],11.89µm
_1692_,11.88µm
_1912_,11.86µm
_0971_,11.855µm
MEM_STR_DATA[5],11.85µm
_1307_,11.82µm
_0881_,11.8µm
JMP_DEST\[6\],11.78µm
_2125_,11.78µm
_1947_,11.76µm
_0154_,11.745µm
_0601_,11.74µm
_1292_,11.74µm
_0799_,11.7µm
_1153_,11.68µm
_0035_,11.665µm
_1412_,11.64µm
REG_FILE\[12\]\[11\],11.62µm
_1169_,11.62µm
_1311_,11.62µm
_1824_,11.62µm
MEM_STR_DATA[0],11.61µm
MEM_STR_DATA[4],11.61µm
_1139_,11.58µm
_1155_,11.58µm
_1838_,11.58µm
_2148_,11.58µm
_0145_,11.565µm
_1727_,11.56µm
INSTR_STREAM[21],11.55µm
INSTR_STREAM[3],11.55µm
_1627_,11.54µm
REG_FILE\[3\]\[5\],11.5µm
_0785_,11.5µm
_1686_,11.5µm
_1162_,11.46µm
_2339_,11.46µm
_0257_,11.425µm
_1146_,11.4µm
_1942_,11.4µm
_2285_,11.38µm
REG_FILE\[1\]\[8\],11.36µm
_0268_,11.36µm
RESULT_MEM\[10\],11.355µm
_0083_,11.32µm
_2203_,11.32µm
_2314_,11.305µm
RESULT_BIT\[9\],11.28µm
_0978_,11.28µm
_2289_,11.28µm
REG_FILE\[1\]\[4\],11.26µm
net102,11.24µm
_0031_,11.225µm
_0962_,11.22µm
_1952_,11.22µm
MEM_STR_DATA[12],11.21µm
_0160_,11.165µm
_1571_,11.165µm
_2262_,11.16µm
_0134_,11.14µm
net87,11.12µm
_1592_,11.1µm
_0340_,11.085µm
_0152_,11.08µm
_1399_,11.08µm
_1466_,11.08µm
_1920_,11.08µm
_0266_,11.045µm
_0926_,11.04µm
_2313_,11.04µm
net31,11.02µm
_0771_,11.02µm
RESULT_MEM\[6\],11.015µm
_2042_,11µm
net73,10.96µm
_0863_,10.96µm
_0075_,10.945µm
REG_FILE\[0\]\[7\],10.94µm
REG_FILE\[2\]\[11\],10.94µm
RESULT_MEM\[5\],10.94µm
MEM_STR_DATA[13],10.93µm
MEM_STR_DATA[14],10.93µm
net104,10.92µm
_1906_,10.92µm
_1861_,10.9µm
_0495_,10.89µm
_0944_,10.88µm
MEM_STR_DATA[10],10.87µm
MEM_STR_DATA[3],10.87µm
MEM_STR_DATA[6],10.87µm
MEM_STR_DATA[7],10.87µm
_1599_,10.86µm
_2005_,10.86µm
_1944_,10.84µm
STATE\[1\],10.8µm
_1819_,10.8µm
_0026_,10.785µm
_1044_,10.78µm
_1329_,10.78µm
_1392_,10.76µm
_1367_,10.745µm
_2081_,10.74µm
JMP_DEST\[4\],10.725µm
REG_FILE\[0\]\[11\],10.72µm
_2178_,10.72µm
_1241_,10.7µm
_1544_,10.7µm
_1857_,10.7µm
RESULT_ALU\[12\],10.67µm
_0476_,10.66µm
_0398_,10.625µm
_1100_,10.62µm
net13,10.6µm
_0585_,10.6µm
_0953_,10.58µm
_1113_,10.58µm
_1649_,10.58µm
_2268_,10.57µm
_0913_,10.56µm
_1279_,10.56µm
_0247_,10.555µm
JMP_DEST\[1\],10.545µm
RESULT_ALU\[13\],10.54µm
_0092_,10.505µm
_0222_,10.505µm
REG_FILE\[14\]\[4\],10.5µm
_1003_,10.5µm
_1729_,10.5µm
_1787_,10.5µm
_0192_,10.485µm
_1195_,10.48µm
_1266_,10.48µm
_1185_,10.46µm
_1264_,10.46µm
_1705_,10.46µm
_2008_,10.46µm
_1961_,10.44µm
_2214_,10.44µm
_0963_,10.43µm
RESULT_SYS\[3\],10.42µm
_1528_,10.42µm
_0865_,10.4µm
_0991_,10.4µm
_0998_,10.4µm
_1525_,10.36µm
_1785_,10.33µm
_1467_,10.32µm
_1769_,10.32µm
_2007_,10.32µm
_1130_,10.28µm
_1484_,10.28µm
REG_FILE\[4\]\[12\],10.26µm
_0588_,10.24µm
_0606_,10.24µm
_0676_,10.24µm
_1403_,10.24µm
_0630_,10.22µm
_0828_,10.2µm
_2210_,10.2µm
_2263_,10.2µm
_0029_,10.185µm
_0137_,10.165µm
_2295_,10.16µm
_0049_,10.125µm
net1,10.12µm
_0997_,10.12µm
_1122_,10.12µm
_2307_,10.12µm
_0456_,10.1µm
_1068_,10.1µm
_2248_,10.1µm
_2321_,10.09µm
_0544_,10.08µm
_0252_,10.045µm
_1458_,10.04µm
_1678_,10.04µm
_1898_,10.04µm
STATE\[0\],10µm
_1728_,10µm
JMP_DEST\[12\],9.975µm
_0016_,9.965µm
_2304_,9.94µm
_0097_,9.925µm
REG_FILE\[8\]\[11\],9.92µm
_0571_,9.92µm
_2264_,9.92µm
_0155_,9.905µm
_0880_,9.9µm
_2411_,9.9µm
_1786_,9.88µm
MEM_ADDR[0],9.87µm
_0897_,9.86µm
_2312_,9.86µm
_0193_,9.845µm
_0726_,9.82µm
_0781_,9.82µm
_1489_,9.82µm
_1921_,9.82µm
_2146_,9.82µm
_2390_,9.82µm
_0117_,9.78µm
_0486_,9.78µm
_1296_,9.78µm
_0093_,9.76µm
_0587_,9.76µm
_1432_,9.74µm
_0947_,9.7µm
_2157_,9.7µm
net40,9.69µm
_0157_,9.69µm
_1197_,9.68µm
_0109_,9.665µm
_2107_,9.66µm
_1371_,9.645µm
net24,9.64µm
_0151_,9.625µm
_1715_,9.62µm
_0475_,9.6µm
_0195_,9.58µm
_0760_,9.58µm
_1826_,9.58µm
MEM_STR_DATA[2],9.57µm
_0102_,9.555µm
_0964_,9.55µm
net105,9.54µm
_2000_,9.54µm
_2030_,9.54µm
_0116_,9.535µm
_1085_,9.52µm
_1204_,9.52µm
_1247_,9.5µm
_1419_,9.5µm
_2325_,9.5µm
_0617_,9.48µm
_1480_,9.48µm
_1537_,9.48µm
_0159_,9.445µm
_1401_,9.44µm
_1513_,9.44µm
_2410_,9.44µm
net107,9.42µm
_1455_,9.4µm
_0535_,9.36µm
_0555_,9.36µm
_1438_,9.36µm
_1836_,9.36µm
_1992_,9.36µm
JMP_DEST\[5\],9.35µm
_0038_,9.345µm
_0305_,9.325µm
_0130_,9.32µm
_0498_,9.32µm
_0552_,9.32µm
_1823_,9.32µm
net27,9.3µm
_2271_,9.28µm
_1010_,9.26µm
REG_FILE\[2\]\[0\],9.24µm
_1843_,9.24µm
_1875_,9.24µm
RESULT_BIT\[11\],9.22µm
_1422_,9.22µm
_1141_,9.2µm
_0135_,9.175µm
_0782_,9.16µm
_0394_,9.155µm
_0069_,9.125µm
_0098_,9.1µm
_1303_,9.085µm
_2068_,9.08µm
_2309_,9.08µm
_1109_,9.02µm
_1698_,9.02µm
_2286_,9.02µm
_2315_,9µm
RESULT_BIT\[10\],8.965µm
_0922_,8.96µm
RESULT_BIT\[13\],8.955µm
_0969_,8.94µm
_1483_,8.94µm
_1035_,8.92µm
_0062_,8.905µm
_1097_,8.9µm
_1515_,8.9µm
_1612_,8.9µm
_1932_,8.9µm
INSTR_STREAM[15],8.89µm
MEM_STR_DATA[11],8.89µm
_1277_,8.88µm
_2331_,8.88µm
net74,8.86µm
_0879_,8.86µm
_2253_,8.86µm
_0404_,8.825µm
STALL_EX,8.82µm
_1027_,8.82µm
_1948_,8.82µm
RESULT_SYS\[2\],8.8µm
_2087_,8.8µm
_0543_,8.78µm
_0867_,8.78µm
_0984_,8.78µm
_1095_,8.78µm
_1744_,8.78µm
_1928_,8.78µm
_0376_,8.765µm
_1474_,8.76µm
_0774_,8.74µm
_1253_,8.74µm
_1614_,8.74µm
_1633_,8.74µm
_2045_,8.74µm
_2147_,8.74µm
_0167_,8.715µm
_1373_,8.71µm
_1421_,8.7µm
_1496_,8.7µm
_0990_,8.68µm
_0453_,8.62µm
_0974_,8.62µm
_1568_,8.62µm
_0032_,8.615µm
RESULT_MEM\[14\],8.605µm
_1058_,8.6µm
_1396_,8.6µm
_1388_,8.58µm
_2256_,8.58µm
_0080_,8.575µm
_0604_,8.56µm
_0907_,8.56µm
_0935_,8.56µm
_1076_,8.56µm
_1078_,8.56µm
_2243_,8.54µm
_0686_,8.52µm
_1049_,8.52µm
_1269_,8.52µm
_1652_,8.52µm
_2009_,8.52µm
_2171_,8.52µm
MEM_ADDR[1],8.51µm
net95,8.48µm
_1098_,8.48µm
_1433_,8.48µm
_1687_,8.48µm
_2273_,8.48µm
_0271_,8.465µm
_0511_,8.465µm
_0536_,8.44µm
_1096_,8.44µm
_1280_,8.44µm
_1409_,8.44µm
_1504_,8.44µm
_2124_,8.44µm
_1676_,8.42µm
_2346_,8.42µm
RESULT_ALU\[3\],8.41µm
_2254_,8.41µm
_0270_,8.4µm
_0503_,8.4µm
_1151_,8.4µm
_1520_,8.4µm
_0401_,8.365µm
_0900_,8.36µm
_0981_,8.34µm
_2019_,8.34µm
_1343_,8.33µm
_0322_,8.325µm
_1183_,8.32µm
_1946_,8.32µm
_0067_,8.3µm
_0194_,8.3µm
_1290_,8.29µm
_0563_,8.28µm
_0701_,8.28µm
_1240_,8.28µm
_2129_,8.28µm
_1549_,8.24µm
_1771_,8.24µm
_0191_,8.22µm
INSTR_STREAM[20],8.21µm
_0125_,8.205µm
_0500_,8.2µm
_1304_,8.2µm
_1868_,8.2µm
RESULT_BIT\[15\],8.195µm
MEM_ADDR[3],8.17µm
_1028_,8.16µm
_0081_,8.155µm
_0136_,8.155µm
_0188_,8.155µm
_0330_,8.155µm
net75,8.12µm
_0649_,8.1µm
_0927_,8.1µm
_0956_,8.1µm
_1115_,8.1µm
_1415_,8.1µm
_2047_,8.1µm
_0218_,8.085µm
_0042_,8.065µm
_1413_,8.06µm
_1707_,8.06µm
_2012_,8.06µm
_0977_,8.02µm
_1105_,8.02µm
_0178_,7.995µm
_0512_,7.98µm
_0924_,7.98µm
_1410_,7.98µm
_1442_,7.98µm
_1602_,7.98µm
_2166_,7.96µm
_0681_,7.94µm
_0885_,7.94µm
_0942_,7.94µm
_1121_,7.94µm
_1417_,7.94µm
_2276_,7.88µm
net84,7.86µm
net91,7.86µm
_0087_,7.86µm
_0684_,7.86µm
_0732_,7.86µm
_1012_,7.86µm
_1903_,7.86µm
_0082_,7.855µm
net11,7.84µm
_1043_,7.84µm
_1244_,7.84µm
MEM_ADDR[4],7.83µm
_0213_,7.825µm
_0224_,7.825µm
_0660_,7.82µm
_2288_,7.82µm
_0187_,7.805µm
_0066_,7.78µm
_1380_,7.78µm
_0217_,7.775µm
JMP_DEST\[8\],7.76µm
_0294_,7.76µm
_2200_,7.74µm
_0747_,7.72µm
_1276_,7.72µm
_2018_,7.72µm
_1641_,7.7µm
_2140_,7.7µm
_1295_,7.68µm
_1681_,7.68µm
RESULT_BIT\[8\],7.67µm
_0801_,7.66µm
_0405_,7.655µm
_0457_,7.64µm
_1192_,7.64µm
_1935_,7.64µm
_0170_,7.625µm
RESULT_ALU\[4\],7.62µm
_0214_,7.62µm
_1867_,7.615µm
_0228_,7.605µm
_0236_,7.605µm
_1232_,7.6µm
_1448_,7.6µm
_2001_,7.6µm
_2234_,7.595µm
_1557_,7.58µm
_2216_,7.58µm
_0288_,7.565µm
_0668_,7.56µm
_1842_,7.56µm
_0127_,7.545µm
_0181_,7.545µm
_1251_,7.54µm
_1723_,7.54µm
_0403_,7.535µm
_0699_,7.52µm
_0923_,7.52µm
_1137_,7.52µm
_1219_,7.52µm
_1395_,7.52µm
_2134_,7.52µm
_2152_,7.52µm
_2249_,7.52µm
_1070_,7.505µm
_0986_,7.48µm
_1999_,7.48µm
_2329_,7.445µm
_0925_,7.44µm
_0943_,7.44µm
_1040_,7.44µm
_1870_,7.44µm
_2209_,7.44µm
_1603_,7.42µm
_1679_,7.42µm
net90,7.4µm
_0108_,7.4µm
_1170_,7.38µm
_1637_,7.38µm
_0013_,7.355µm
_0078_,7.345µm
_0231_,7.345µm
_1982_,7.34µm
_1950_,7.33µm
_0577_,7.32µm
_1420_,7.32µm
_1958_,7.32µm
_2255_,7.32µm
_1888_,7.3µm
_1302_,7.28µm
_0397_,7.265µm
_1308_,7.26µm
_0105_,7.225µm
_0324_,7.185µm
_0929_,7.18µm
_1541_,7.18µm
MEM_ADDR[2],7.15µm
MEM_ADDR[6],7.15µm
_0258_,7.145µm
_1337_,7.14µm
_1589_,7.14µm
_1695_,7.14µm
_0182_,7.125µm
_1959_,7.12µm
_0985_,7.1µm
_1613_,7.1µm
_0091_,7.085µm
_0139_,7.085µm
_0219_,7.085µm
_0110_,7.08µm
_0336_,7.08µm
_1375_,7.08µm
net36,7.075µm
_0019_,7.075µm
RESULT_BIT\[12\],7.06µm
_1050_,7.06µm
_1106_,7.06µm
_1182_,7.06µm
_0114_,7.055µm
_1988_,7.04µm
_2404_,7.02µm
_0037_,7.01µm
_0235_,7µm
_0242_,7µm
_0603_,6.98µm
_1522_,6.98µm
_1801_,6.98µm
_2143_,6.98µm
_0756_,6.96µm
_0864_,6.96µm
_1041_,6.96µm
_0212_,6.94µm
_0229_,6.94µm
_0274_,6.94µm
_0669_,6.94µm
_1426_,6.94µm
_1797_,6.94µm
_1820_,6.94µm
_2061_,6.94µm
_2327_,6.94µm
_0317_,6.925µm
_0021_,6.905µm
_1254_,6.9µm
_2202_,6.9µm
_1710_,6.86µm
_0072_,6.855µm
MEM_STR_DATA[1],6.85µm
MEM_STR_DATA[8],6.85µm
_0296_,6.84µm
_2250_,6.84µm
_0994_,6.82µm
_1379_,6.82µm
_0915_,6.8µm
_2395_,6.8µm
_2189_,6.78µm
_1009_,6.76µm
_1228_,6.76µm
_1472_,6.76µm
_2337_,6.76µm
_0887_,6.74µm
_0993_,6.74µm
_1159_,6.74µm
_1656_,6.74µm
_2347_,6.74µm
_0400_,6.735µm
net52,6.72µm
_1140_,6.72µm
_0254_,6.705µm
_1577_,6.7µm
_0348_,6.695µm
_0070_,6.685µm
_0232_,6.685µm
_0099_,6.665µm
_1046_,6.64µm
_1693_,6.64µm
_2183_,6.64µm
_2259_,6.64µm
_2330_,6.64µm
_1941_,6.635µm
_0169_,6.625µm
_2142_,6.62µm
net72,6.6µm
_1054_,6.6µm
_1061_,6.6µm
_1131_,6.6µm
_1565_,6.6µm
_1618_,6.6µm
_1675_,6.6µm
_1799_,6.6µm
_1890_,6.6µm
_1966_,6.6µm
_2036_,6.6µm
_2172_,6.6µm
_2389_,6.6µm
_0888_,6.58µm
_0261_,6.55µm
net10,6.54µm
_0233_,6.54µm
_1039_,6.53µm
_1339_,6.52µm
_1387_,6.52µm
_2010_,6.52µm
_2236_,6.52µm
_2238_,6.52µm
_0442_,6.5µm
_0509_,6.5µm
_1114_,6.5µm
_1268_,6.5µm
_1851_,6.5µm
_0088_,6.495µm
net6,6.48µm
_0436_,6.48µm
_0688_,6.48µm
_1670_,6.48µm
_2135_,6.48µm
_2275_,6.48µm
_2335_,6.48µm
_1351_,6.45µm
_0234_,6.445µm
_1265_,6.44µm
_1548_,6.44µm
_2206_,6.44µm
_0161_,6.425µm
_0185_,6.425µm
_0651_,6.42µm
_1446_,6.42µm
_1806_,6.4µm
_2006_,6.4µm
_2051_,6.4µm
_0122_,6.395µm
RESULT_BIT\[7\],6.385µm
_0659_,6.38µm
_0168_,6.365µm
net23,6.36µm
_1014_,6.32µm
_0391_,6.305µm
_1309_,6.3µm
_1369_,6.3µm
_2205_,6.3µm
_2351_,6.3µm
_1088_,6.285µm
_1664_,6.28µm
_0705_,6.26µm
_1638_,6.26µm
_1725_,6.26µm
_2320_,6.26µm
_1677_,6.24µm
_1738_,6.24µm
_0351_,6.235µm
_0805_,6.235µm
_0045_,6.225µm
_0100_,6.225µm
_0731_,6.2µm
_0967_,6.2µm
_1047_,6.2µm
_0327_,6.185µm
_0487_,6.18µm
_0499_,6.18µm
_0815_,6.18µm
_1416_,6.18µm
_1700_,6.18µm
_0172_,6.165µm
_1967_,6.16µm
net53,6.14µm
STATE\[4\],6.14µm
_0694_,6.14µm
_1094_,6.14µm
_1111_,6.14µm
_1435_,6.14µm
_1488_,6.14µm
_1860_,6.14µm
_1970_,6.14µm
_2017_,6.14µm
_2326_,6.14µm
_2364_,6.14µm
_1107_,6.12µm
_0076_,6.08µm
_0123_,6.08µm
_0143_,6.08µm
_1604_,6.08µm
_0311_,6.065µm
_0530_,6.06µm
_0870_,6.06µm
_1832_,6.06µm
_2111_,6.06µm
_2168_,6.06µm
net21,6.04µm
_0323_,6.04µm
_0431_,6.04µm
_1688_,6.04µm
net32,6.02µm
net101,6.02µm
_0722_,6.02µm
_1042_,6.02µm
_1384_,6.02µm
_1911_,6.02µm
_2034_,6.02µm
_2338_,6.02µm
_0120_,5.985µm
_0225_,5.985µm
_2352_,5.98µm
_0146_,5.965µm
_0605_,5.96µm
_1425_,5.94µm
_1864_,5.94µm
_0199_,5.925µm
_0463_,5.92µm
_0548_,5.92µm
_0661_,5.92µm
_0715_,5.92µm
_0053_,5.905µm
_1285_,5.9µm
_1334_,5.9µm
_2079_,5.9µm
_2340_,5.895µm
_0253_,5.865µm
_1227_,5.86µm
_1719_,5.86µm
_2334_,5.86µm
_2350_,5.86µm
_1424_,5.84µm
_1746_,5.84µm
_2228_,5.82µm
_0207_,5.815µm
_0283_,5.8µm
_0734_,5.8µm
_0959_,5.8µm
_1747_,5.8µm
_1768_,5.8µm
_1796_,5.8µm
_1884_,5.8µm
_1907_,5.8µm
_1949_,5.8µm
_2274_,5.8µm
_0171_,5.795µm
_0179_,5.765µm
_0332_,5.765µm
RESULT_MEM\[15\],5.745µm
_0286_,5.74µm
_1030_,5.72µm
_1526_,5.72µm
_1718_,5.72µm
_1814_,5.72µm
_2223_,5.72µm
_0190_,5.695µm
_0667_,5.68µm
_1048_,5.68µm
_1132_,5.68µm
_1215_,5.68µm
_1460_,5.68µm
_1767_,5.68µm
_1880_,5.68µm
_1916_,5.68µm
_2247_,5.68µm
_1005_,5.675µm
_0299_,5.645µm
_0138_,5.64µm
_0126_,5.62µm
_1825_,5.62µm
_0807_,5.6µm
_0987_,5.6µm
_1558_,5.6µm
_1645_,5.6µm
_2396_,5.6µm
net30,5.58µm
_0347_,5.58µm
_2055_,5.58µm
_0952_,5.56µm
_2158_,5.56µm
_2251_,5.56µm
_2342_,5.56µm
_0196_,5.525µm
_0205_,5.525µm
_0272_,5.52µm
_0674_,5.52µm
_2032_,5.52µm
_0060_,5.505µm
_0085_,5.505µm
_0141_,5.505µm
_1828_,5.5µm
_1173_,5.48µm
_1431_,5.48µm
_1991_,5.48µm
_2398_,5.48µm
_0043_,5.475µm
_0046_,5.475µm
_0111_,5.475µm
_0131_,5.475µm
_0454_,5.46µm
_0637_,5.46µm
_0744_,5.46µm
_1059_,5.46µm
_1252_,5.46µm
_1411_,5.46µm
_2419_,5.46µm
_0312_,5.435µm
_1230_,5.42µm
_1561_,5.4µm
_1640_,5.4µm
_0653_,5.38µm
_1390_,5.38µm
_1414_,5.38µm
_1743_,5.38µm
_2029_,5.38µm
_1429_,5.36µm
_1611_,5.36µm
_1538_,5.35µm
_1036_,5.34µm
_1198_,5.34µm
_1581_,5.34µm
_1887_,5.34µm
_2242_,5.34µm
_2349_,5.34µm
_0306_,5.315µm
_0094_,5.305µm
_0575_,5.28µm
_1598_,5.28µm
_2176_,5.28µm
_0425_,5.265µm
RESULT_BIT\[5\],5.26µm
_0249_,5.26µm
_0576_,5.26µm
_1352_,5.26µm
_1374_,5.26µm
_1479_,5.26µm
_2119_,5.26µm
_2266_,5.26µm
_2282_,5.26µm
_2306_,5.26µm
_2344_,5.26µm
_0562_,5.22µm
_0702_,5.22µm
_0957_,5.22µm
_1193_,5.22µm
_1704_,5.22µm
_1881_,5.22µm
_1943_,5.22µm
_0914_,5.19µm
_0050_,5.185µm
_0366_,5.185µm
_0265_,5.18µm
_0365_,5.165µm
_1672_,5.14µm
_1716_,5.14µm
_1789_,5.12µm
_1790_,5.12µm
_2159_,5.12µm
net78,5.1µm
net85,5.1µm
net86,5.1µm
_0886_,5.1µm
_1759_,5.1µm
_1821_,5.1µm
_0022_,5.095µm
_0047_,5.095µm
_0058_,5.095µm
_0241_,5.095µm
_0315_,5.095µm
_0416_,5.095µm
_0023_,5.065µm
net15,5.06µm
_0567_,5.06µm
_0128_,5.045µm
_0335_,5.045µm
_0350_,5.04µm
_0645_,5.04µm
_0710_,5.04µm
_0752_,5.04µm
_2109_,5.04µm
_0675_,5.025µm
_0496_,5.02µm
_1784_,5.02µm
_1976_,5.02µm
_2303_,5.02µm
_0523_,5.015µm
RESULT_MEM\[13\],5µm
_0501_,5µm
_2067_,5µm
_0096_,4.985µm
net92,4.94µm
_0757_,4.94µm
_0904_,4.94µm
_1427_,4.94µm
_1521_,4.94µm
_1579_,4.94µm
_1731_,4.94µm
_0380_,4.925µm
_0417_,4.925µm
_0420_,4.925µm
_0890_,4.92µm
_1495_,4.92µm
_1639_,4.92µm
_1762_,4.92µm
_2003_,4.92µm
_2180_,4.92µm
_2328_,4.92µm
_0308_,4.905µm
_0355_,4.905µm
_0893_,4.9µm
_1147_,4.9µm
_0892_,4.895µm
_0438_,4.88µm
_0713_,4.88µm
_0733_,4.88µm
_1065_,4.88µm
_1354_,4.88µm
_1536_,4.88µm
_1776_,4.88µm
_0142_,4.845µm
_0177_,4.845µm
_0216_,4.845µm
_0226_,4.845µm
_0248_,4.845µm
_2086_,4.82µm
_2267_,4.82µm
_0353_,4.805µm
net94,4.8µm
_0055_,4.8µm
_1019_,4.8µm
_1087_,4.8µm
_1680_,4.8µm
_2002_,4.8µm
_2237_,4.8µm
_1016_,4.78µm
_0302_,4.775µm
_1621_,4.76µm
_1937_,4.76µm
_1969_,4.76µm
_0133_,4.725µm
_0362_,4.725µm
_0372_,4.725µm
_0388_,4.725µm
_0061_,4.71µm
_0483_,4.68µm
_1335_,4.68µm
_1997_,4.68µm
_1053_,4.66µm
_1742_,4.66µm
_1766_,4.66µm
_2136_,4.66µm
_0384_,4.625µm
_0068_,4.605µm
_0089_,4.605µm
_0370_,4.605µm
_1487_,4.6µm
_1617_,4.6µm
_0144_,4.585µm
_0150_,4.585µm
_0396_,4.58µm
_0700_,4.56µm
_0440_,4.54µm
_0474_,4.54µm
_1181_,4.54µm
_1740_,4.54µm
_0197_,4.53µm
_1749_,4.51µm
_0368_,4.505µm
_0723_,4.485µm
_2215_,4.485µm
_0912_,4.48µm
_1989_,4.48µm
_2292_,4.48µm
net50,4.46µm
_0908_,4.46µm
_0960_,4.46µm
_1481_,4.46µm
_1535_,4.46µm
_2024_,4.46µm
_2199_,4.46µm
_2204_,4.46µm
_1606_,4.44µm
_2388_,4.44µm
_1683_,4.42µm
_1894_,4.42µm
_2069_,4.42µm
_2232_,4.42µm
_2348_,4.42µm
_0165_,4.405µm
_0223_,4.405µm
_0245_,4.385µm
_0291_,4.38µm
_2090_,4.365µm
_0343_,4.36µm
_0590_,4.36µm
_0895_,4.36µm
_1356_,4.36µm
_1859_,4.36µm
_2220_,4.36µm
IMM\[1\],4.34µm
_0204_,4.34µm
_0246_,4.34µm
_0621_,4.34µm
_0790_,4.34µm
_0936_,4.34µm
_0937_,4.34µm
_1138_,4.34µm
_1186_,4.34µm
_1243_,4.34µm
_1620_,4.34µm
_1803_,4.34µm
_2031_,4.34µm
_2246_,4.34µm
_2281_,4.34µm
_2301_,4.34µm
_0119_,4.295µm
_1002_,4.27µm
_0215_,4.265µm
_0337_,4.265µm
_0379_,4.265µm
_0402_,4.265µm
_0406_,4.265µm
_0407_,4.265µm
_0039_,4.24µm
_0054_,4.24µm
_2185_,4.24µm
_0901_,4.22µm
_1570_,4.22µm
_1662_,4.22µm
_1773_,4.22µm
_1930_,4.22µm
_1423_,4.215µm
_1993_,4.2µm
_0200_,4.195µm
_0367_,4.165µm
_0059_,4.145µm
_0074_,4.145µm
_0132_,4.145µm
_0176_,4.145µm
_1289_,4.14µm
_1562_,4.14µm
_1804_,4.14µm
_0041_,4.125µm
_1781_,4.125µm
_0409_,4.12µm
_1511_,4.12µm
_0808_,4.1µm
_1459_,4.1µm
_1643_,4.1µm
_1893_,4.1µm
_2037_,4.1µm
_2190_,4.1µm
_1229_,4.08µm
_1802_,4.08µm
_1805_,4.08µm
_1383_,4.02µm
_2280_,4.02µm
_0426_,4µm
_0521_,4µm
_0685_,4µm
_1045_,4µm
_1101_,4µm
_1125_,4µm
_1217_,4µm
_1393_,4µm
_1406_,4µm
_1653_,4µm
_1788_,4µm
_1815_,4µm
_1835_,4µm
_2324_,4µm
_0948_,3.98µm
_1394_,3.98µm
_1987_,3.98µm
_0090_,3.975µm
_0065_,3.945µm
_0118_,3.945µm
_0084_,3.925µm
_0115_,3.925µm
_0175_,3.925µm
_0220_,3.925µm
_0356_,3.925µm
_0342_,3.9µm
_1918_,3.9µm
_2195_,3.9µm
net98,3.88µm
RESULT_ALU\[14\],3.88µm
_0616_,3.88µm
_0638_,3.88µm
_0794_,3.88µm
_0899_,3.88µm
_1032_,3.88µm
_1071_,3.88µm
_1588_,3.88µm
_1616_,3.88µm
_1732_,3.88µm
_1758_,3.88µm
_1872_,3.88µm
_1934_,3.88µm
_0374_,3.805µm
_0166_,3.78µm
_0262_,3.78µm
_0592_,3.78µm
_1291_,3.78µm
_1812_,3.78µm
_2054_,3.78µm
_0243_,3.765µm
net77,3.76µm
_0465_,3.76µm
_1357_,3.76µm
_1629_,3.76µm
_1891_,3.76µm
_2241_,3.76µm
_0208_,3.745µm
_0677_,3.74µm
_0239_,3.735µm
_0250_,3.735µm
_0273_,3.735µm
_0385_,3.705µm
_0079_,3.685µm
_0553_,3.66µm
_1905_,3.645µm
_1006_,3.64µm
_2127_,3.64µm
_0202_,3.635µm
_0048_,3.565µm
_0373_,3.565µm
_0633_,3.56µm
_0641_,3.56µm
_1341_,3.56µm
_1714_,3.56µm
_2218_,3.56µm
_2235_,3.56µm
_0564_,3.54µm
_0644_,3.54µm
_1331_,3.54µm
_1462_,3.54µm
_1626_,3.54µm
_2004_,3.54µm
_2213_,3.54µm
_2308_,3.54µm
_0988_,3.52µm
_2101_,3.52µm
_2208_,3.52µm
_0325_,3.505µm
_0051_,3.485µm
_0107_,3.485µm
_0174_,3.465µm
_2108_,3.445µm
_0281_,3.44µm
_1509_,3.44µm
_2028_,3.44µm
_2182_,3.44µm
_0776_,3.42µm
_1004_,3.42µm
_1177_,3.42µm
_1205_,3.42µm
_1477_,3.42µm
_1503_,3.42µm
_2244_,3.42µm
_2299_,3.42µm
_2343_,3.42µm
_2316_,3.4µm
_0382_,3.395µm
_0292_,3.385µm
_1755_,3.385µm
_0798_,3.355µm
_0339_,3.345µm
_0364_,3.345µm
_0371_,3.345µm
_0156_,3.32µm
_0198_,3.32µm
_0206_,3.32µm
_0331_,3.32µm
_0916_,3.32µm
_1671_,3.3µm
_2138_,3.3µm
_2345_,3.3µm
_0189_,3.275µm
_0383_,3.245µm
_0073_,3.225µm
_0077_,3.225µm
_0112_,3.225µm
_0158_,3.225µm
_0260_,3.225µm
_0665_,3.22µm
_0996_,3.22µm
_1206_,3.22µm
_1208_,3.22µm
_1287_,3.22µm
_1332_,3.22µm
_1428_,3.22µm
_1654_,3.22µm
_2126_,3.22µm
_2197_,3.22µm
_2384_,3.22µm
_0052_,3.21µm
_0635_,3.2µm
_0911_,3.18µm
_2177_,3.18µm
_2198_,3.18µm
_0056_,3.175µm
_0186_,3.175µm
_0269_,3.175µm
_1218_,3.175µm
_0455_,3.125µm
_1079_,3.125µm
_0905_,3.1µm
_1646_,3.1µm
_1811_,3.1µm
_1986_,3.1µm
_0654_,3.08µm
_0928_,3.08µm
_1001_,3.08µm
_1534_,3.08µm
_1682_,3.08µm
_1706_,3.08µm
_1709_,3.08µm
_1809_,3.08µm
_2046_,3.08µm
_2191_,3.08µm
_2193_,3.08µm
_2279_,3.08µm
_2341_,3.08µm
_0301_,3.065µm
_2128_,3.06µm
_0287_,3.055µm
_0318_,3.045µm
_1184_,2.985µm
_0303_,2.98µm
_0354_,2.98µm
_2114_,2.98µm
net89,2.96µm
_0589_,2.96µm
_0917_,2.96µm
_1461_,2.96µm
_1473_,2.96µm
_1516_,2.96µm
_1566_,2.96µm
_1595_,2.96µm
_1752_,2.96µm
_2105_,2.96µm
_2225_,2.96µm
_2230_,2.96µm
_2233_,2.96µm
_2261_,2.96µm
_0034_,2.935µm
_0040_,2.935µm
_0063_,2.935µm
_0103_,2.935µm
_0264_,2.935µm
_0297_,2.925µm
_0298_,2.925µm
_2311_,2.91µm
_0358_,2.885µm
_0363_,2.885µm
_0412_,2.885µm
_0163_,2.88µm
_0344_,2.88µm
_0057_,2.86µm
_0173_,2.86µm
_0221_,2.86µm
_0263_,2.86µm
_0309_,2.86µm
_0314_,2.86µm
_0581_,2.86µm
_0740_,2.86µm
_1456_,2.86µm
_1493_,2.86µm
_2112_,2.86µm
_0546_,2.84µm
_1344_,2.84µm
_1464_,2.84µm
_1953_,2.84µm
_2252_,2.84µm
_2318_,2.84µm
_0334_,2.835µm
_0466_,2.82µm
_0285_,2.785µm
_0290_,2.785µm
_0313_,2.785µm
_0359_,2.785µm
_0360_,2.785µm
_0387_,2.785µm
_0878_,2.775µm
_0121_,2.765µm
_0251_,2.765µm
net28,2.76µm
_0636_,2.76µm
_0652_,2.76µm
_0692_,2.76µm
_0708_,2.76µm
_1756_,2.76µm
_2082_,2.76µm
_2258_,2.76µm
_2353_,2.76µm
_1971_,2.74µm
_0027_,2.715µm
_0071_,2.715µm
_0201_,2.715µm
_0238_,2.715µm
_0259_,2.715µm
_0408_,2.715µm
_0410_,2.715µm
_2409_,2.7µm
_0361_,2.665µm
_0399_,2.665µm
_0422_,2.665µm
_0591_,2.645µm
_1017_,2.64µm
_1673_,2.64µm
_1795_,2.64µm
_1955_,2.64µm
_2229_,2.64µm
_0147_,2.625µm
net106,2.62µm
_0284_,2.62µm
_0528_,2.62µm
_0717_,2.62µm
_0741_,2.62µm
_0772_,2.62µm
_1278_,2.62µm
_1631_,2.62µm
_2162_,2.62µm
_1760_,2.615µm
_2298_,2.61µm
_0064_,2.595µm
_0183_,2.595µm
_0184_,2.595µm
_0295_,2.595µm
_0349_,2.595µm
_0357_,2.595µm
_0346_,2.54µm
_0419_,2.54µm
_0304_,2.52µm
_0452_,2.52µm
_0629_,2.52µm
_1607_,2.52µm
_1779_,2.52µm
_0524_,2.5µm
_0670_,2.5µm
_0859_,2.5µm
_0896_,2.5µm
_0903_,2.5µm
_0918_,2.5µm
_0919_,2.5µm
_1029_,2.5µm
_1051_,2.5µm
_1457_,2.5µm
_1494_,2.5µm
_1807_,2.5µm
_1830_,2.5µm
_1878_,2.5µm
_1913_,2.5µm
_2149_,2.5µm
_2226_,2.5µm
_2231_,2.5µm
_2245_,2.5µm
_2407_,2.5µm
_1306_,2.48µm
net7,2.4µm
_0973_,2.4µm
_1858_,2.4µm
_1956_,2.4µm
_2022_,2.4µm
net82,2.38µm
_0783_,2.38µm
_1052_,2.38µm
_1545_,2.38µm
_1827_,2.38µm
_2077_,2.38µm
_0014_,2.375µm
_0319_,2.375µm
_0320_,2.375µm
_0321_,2.375µm
_0369_,2.375µm
_0033_,2.34µm
_0316_,2.325µm
_0333_,2.325µm
_0381_,2.325µm
_0386_,2.325µm
_0490_,2.3µm
_0538_,2.3µm
_1152_,2.3µm
_1156_,2.3µm
_1447_,2.3µm
_1817_,2.3µm
_1886_,2.3µm
_0758_,2.28µm
_1471_,2.28µm
_1553_,2.28µm
_1845_,2.28µm
_1853_,2.28µm
_1938_,2.28µm
_1975_,2.27µm
_0030_,2.255µm
_0180_,2.255µm
_2064_,2.255µm
_2102_,2.255µm
_0429_,2.24µm
_1154_,2.24µm
_0390_,2.205µm
_0392_,2.205µm
_0393_,2.205µm
_0427_,2.205µm
_2015_,2.2µm
_0602_,2.18µm
_1552_,2.18µm
_2420_,2.18µm
_0244_,2.165µm
net51,2.16µm
net88,2.16µm
_0662_,2.16µm
_0729_,2.16µm
_0995_,2.16µm
_1350_,2.16µm
_1385_,2.16µm
_1500_,2.16µm
_1578_,2.16µm
_1659_,2.16µm
_1701_,2.16µm
_1708_,2.16µm
_1722_,2.16µm
_1885_,2.16µm
_1917_,2.16µm
_2097_,2.16µm
_2117_,2.16µm
_2212_,2.16µm
_0300_,2.145µm
_0345_,2.145µm
_0423_,2.145µm
_0310_,2.125µm
_0326_,2.125µm
_0375_,2.125µm
_0418_,2.085µm
_0140_,2.075µm
_0086_,2.06µm
_0164_,2.06µm
_1377_,2.06µm
_2044_,2.06µm
net76,2.04µm
_0716_,2.04µm
_0934_,2.04µm
_1168_,2.04µm
_1196_,2.04µm
_1255_,2.04µm
_1349_,2.04µm
_1882_,2.04µm
_1897_,2.04µm
_1900_,2.04µm
_1910_,2.04µm
_2099_,2.04µm
_2260_,2.04µm
_2283_,2.04µm
_2332_,2.04µm
_2041_,1.94µm
_0018_,1.915µm
_0329_,1.915µm
_0352_,1.915µm
_0411_,1.915µm
_0124_,1.905µm
_0377_,1.865µm
_0378_,1.865µm
_0921_,1.84µm
_1408_,1.84µm
_1492_,1.84µm
_1608_,1.84µm
_1668_,1.84µm
_1696_,1.84µm
_1737_,1.84µm
_1957_,1.84µm
_2167_,1.84µm
_2394_,1.84µm
_0989_,1.82µm
_1348_,1.82µm
_2272_,1.82µm
_0395_,1.745µm
_0565_,1.725µm
_1060_,1.725µm
_0691_,1.72µm
_0955_,1.72µm
_1730_,1.72µm
_1757_,1.72µm
_0494_,1.7µm
_0748_,1.7µm
_0769_,1.7µm
_1090_,1.7µm
_1216_,1.7µm
_1257_,1.7µm
_1381_,1.7µm
_1527_,1.7µm
_1556_,1.7µm
_1902_,1.7µm
_1915_,1.7µm
_1981_,1.7µm
_2085_,1.7µm
_2151_,1.7µm
_2240_,1.7µm
_2408_,1.7µm
_0017_,1.685µm
_0289_,1.685µm
_0338_,1.685µm
_0341_,1.685µm
_0413_,1.685µm
_0414_,1.685µm
_0415_,1.685µm
_0421_,1.685µm
_0424_,1.685µm
_0819_,1.6µm
_0821_,1.6µm
_1596_,1.6µm
_2016_,1.6µm
_2188_,1.6µm
_0389_,1.575µm
_0657_,1.48µm
_0724_,1.48µm
_0293_,1.405µm
_0307_,1.405µm
net5,1.38µm
net16,1.38µm
_0718_,1.38µm
_0961_,1.38µm
_1037_,1.38µm
_1242_,1.38µm
_1364_,1.38µm
_1508_,1.38µm
_2059_,1.38µm
_2155_,1.38µm
_2161_,1.38µm
_2165_,1.38µm
_1974_,1.36µm
_2070_,1.36µm
_0439_,1.26µm
_0464_,1.26µm
_0683_,1.26µm
_1008_,1.26µm
_1502_,1.26µm
_1874_,1.26µm
_2116_,1.26µm
_1120_,1.14µm
_2137_,1.14µm
_1015_,1.02µm
_0460_,0.92µm
_0646_,0.92µm
_0898_,0.92µm
_0966_,0.92µm
_1000_,0.92µm
_1022_,0.92µm
_1454_,0.92µm
_1530_,0.92µm
_1567_,0.92µm
_1630_,0.92µm
_1726_,0.92µm
_1855_,0.92µm
_1873_,0.92µm
_1879_,0.92µm
_1925_,0.92µm
_2269_,0.92µm
_2175_,0.8µm
net83,0.46µm
_1667_,0.46µm
_2122_,0.46µm
_2278_,0.46µm
